taxa, Yield_MI18 , Yield_MI19 , Yield_NE18 , Yield_NE19 , SW_MI18 , SW_MI19 , SW_NE18 , SW_NE19 , FeBio_MI18 , FeBio_MI19 , Fe_MI18 , Fe_MI19 , Fe_NE18 , Fe_NE19 , Zn_MI18 , Zn_MI19 , Zn_NE18 , Zn_NE19 ,Chr07pos29169848,CT_MI,CT_NE,Seed_type,Country,ID,STRUCTURE,Genepool
YBC001,"1,948.70","1,998.40","3,364.20","1,676.10",24,25.6,23.5,27.7,23,44.5,62.9,63.5,44.5,48.5,23.3,25.2,22.3,23.1,TT,29.9,50,Amarillo (dk),Canada,PI136730,Jalisco&Durango,Middle American
YBC002,"2,151.00","2,084.70","1,866.80",624.7,38.7,41.4,35.6,30.2,22.5,20.5,80.1,67.9,46,54.8,29.4,26.1,26.3,28.1,TT,24.3,58.8,Canary,Canada,PI136745,Andean,Andean
YBC003,"2,143.80","2,334.60","1,440.50",595.3,42.2,42.9,33.8,29.9,21,20.5,67.9,70.7,43.8,52.7,35.3,29.2,27.1,27.2,TT,28.3,58.8,Canary,Mexico,PI150948,Andean,Andean
YBC004,"1,942.80",935.8,"1,906.00",457.4,51,56.1,49.5,32,94.5,89,89.7,58.8,39.1,49.7,34.9,30.5,25.5,28.7,TT,21,38.3,White,Belgium,PI161952,Andean,Andean
YBC005,"1,409.30","1,073.00","1,972.80",850.1,38.7,40.6,31.8,29.5,19.5,18.5,75.5,57.3,39.8,49.2,28.9,26.2,24.7,23.6,TT,59.3,70.8,Amarillo (dk),Turkey,PI171767,Andean,Andean
YBC006,"1,339.40",998.7,"1,278.90",470.8,29.9,34.5,24.4,29,22.5,26,64.6,60.2,39.6,49.5,30.1,28.6,26.6,29.9,TT,27.4,46.8,Canary,India,PI174902,Andean,Andean
YBC007,"1,913.30","1,711.50","1,842.60",589.5,41.4,44,37.1,30.3,27,24,58.9,57.5,38.1,46.1,27.9,27.8,26.7,28.3,TT,27,64.5,Canary,Ethiopia,PI194322,Andean,Andean
YBC010,"2,208.80","1,801.20","3,220.00","1,187.40",25.5,26,23,27.5,99.5,90.5,51.3,57.8,49.6,47.7,25,27.7,28.1,28.5,TT,25.2,98.5,Amarillo (lt),Mexico,PI201940,Jalisco&Durango,Middle American
YBC011,"2,165.80","2,238.30","2,765.50","2,071.90",24.4,24.2,22.2,27.7,28,15.5,69.5,75.7,45.4,52,25,29.9,21.6,24.1,TT,37.7,51.5,Amarillo (dk),Colombia,PI207279,Mesoamerica,Middle American
YBC012,"2,254.90","1,816.40","1,480.20",605.6,38.7,41.7,32.6,29.9,22.5,20,77.4,65,42.7,57.2,30.3,27.6,26.4,25.9,TT,27.5,44.3,Canary,Colombia,PI207300,Andean,Andean
YBC013, NA , NA ,"1,459.20",733, NA , NA ,14.6,25.5, NA , NA , NA , NA , NA ,63.9, NA , NA , NA ,27.3,TT,NA,122.5,Amarillo (lt),Colombia,PI207336,Jalisco&Durango,Middle American
YBC014,"1,956.80","1,977.40","1,822.00",995.5,17.8,18.4,18.5,27.2,43.5,33.5,75.2,69.2,42.3,52.2,31.8,28.6,26.1,27.9,TT,49.7,124.5,Amarillo (lt),Nicaragua,PI209478,Mesoamerica,Middle American
YBC015,"2,211.30","1,107.80","2,397.90",974.2,27.2,26.7,27.5,28.7,32,35.5,64.8,87.7,44.4,51.9,29.5,29.3,21,25.5,TT,30,85,Amarillo (lt),Iran,PI222819,Jalisco&Durango,Middle American
YBC017,"2,493.70","2,006.40","1,500.50",554.2,54.5,49.4,44.1,31,40.5,41,86,65.7,49.2,49.8,30.6,25.7,22.4,22.3,TT,29.7,34.5,Canary,Ukraine,PI226864,Andean,Andean
YBC018,"1,756.30","1,059.30","1,930.50",508,23.5,26.8,21.7,27.4,26.5,28.5,63.8,68.6,50.6,59.2,26.7,24.1,23.4,28,TT,34.8,56.3,Amarillo (dk),Germany,PI226938,Andean,Andean
YBC021,"1,390.10","1,167.60","1,567.50",612,35.7,36,25.8,28.5,19.5,21.5,42.8,57.1,41.5,49.4,21.6,24.7,20.9,24.5,TT,32.2,41.3,Canary,Hungary,PI289407,Andean,Andean
YBC022,"1,399.20",969.4,"1,202.80",395.7,35.8,35.1,26.3,29,18.5,19.5,57.3,50.3,51.3,51.5,27.8,23.8,23.1,24.4,TT,30.7,37.3,Canary,Hungary,PI289408,Andean,Andean
YBC024,"2,823.50","1,468.60","2,761.10","1,032.50",26.1,27.5,22.5,27.5,27.5,30.5,67.1,72.5,41.4,43.4,23.9,29.9,23.5,25.4,TT,26.6,74,Amarillo (lt),Ecuador,PI299019,Andean,Andean
YBC025,"1,716.90","1,540.70","1,854.70",435.6,40.5,48.6,38.1,30.1,31.5,31.5,79.3,57.5,40.4,48.5,34.2,27,27.9,29.2,TT,23.9,54.3,Canary,South Africa,PI300090,Andean,Andean
YBC026,"2,128.40","2,639.30","1,706.10",557.6,40.7,44,33.6,30.1,27,28.5,53,65.7,40.9,54.7,25,29.2,24.7,27.3,TT,27.6,56,Canary,Mexico,PI309709,Andean,Andean
YBC028,"1,705.90","1,851.90","2,922.10","1,717.90",24.8,27.1,23.7,28,31.5,29.5,67.9,73.3,42.9,60.1,28,30.8,24.3,28.4,TT,30.2,37.3,Amarillo (lt),Mexico,PI309718,Jalisco&Durango,Middle American
YBC029,"2,456.00","1,508.30","3,562.70","2,124.40",22.2,22.2,21.9,27.4,16.5,18.5,68.3,59.5,53.2,52.1,24.2,25.3,23.2,23.3,TT,34.9,89.5,Amarillo (lt),Mexico,PI309760,Andean,Andean
YBC030,"2,094.70","1,413.40","2,590.40",912,20.1,20.6,18.8,26.4,31,42.5,63.3,71.8,57.4,50.3,26.4,26.5,26.8,28.1,TT,27.2,64.5,Amarillo (lt),Mexico,PI309787,Jalisco&Durango,Middle American
YBC034,"2,520.10","1,575.00", NA , NA ,41.6,32.8, NA , NA ,102.5,102.5,78.9,60.5, NA , NA ,30.5,27.1, NA , NA ,TT,35.6,NA,Amarillo (lt),Mexico,PI312090,Jalisco&Durango,Middle American
YBC035,"1,903.70","1,531.20","2,522.80",888.3,19.9,21.4,18.8,26.6,25,31,89.3,60.9,52.5,53.4,26.8,26.5,24.5,31.6,TT,25.5,70.3,Amarillo (lt),Mexico,PI312091,Jalisco&Durango,Middle American
YBC036,"2,271.10","1,786.50","1,908.20","1,052.00",40.6,40.4,29.5,27.9,24,21.5,83.3,61.3,57.7,54.5,32.7,29.2,29.8,27.5,TT,27.5,34,Canary,Mexico,PI311962,Andean,Andean
YBC041,"1,402.10",727.8,"1,472.30",179.4,41.5,53,37.1,28.2,21,19,48.5,45.8,44.6, NA ,23.1,20.2,23, NA ,TT,22.3,42.5,Mayocoba,Colombia,PI313598,Andean,Andean
YBC045,"2,664.40","1,947.40","1,529.90",843.7,50.4,47.3,39.4,31.2,17,23,56.9,58,29.9,46.6,23.4,23.9,24.4,27.1,TT,33.6,84.5,Canary,Peru,PI313844,Andean,Andean
YBC046,"2,541.10","2,275.60","1,620.40",791.2,44.9,44.2,41.2,31.1,23.5,21,62.3,62.6,31.8,51.8,27.9,26.2,26.4,26.6,TT,33.1,77.3,Canary,Mexico,PI319560,Andean,Andean
YBC047,"2,251.10","1,113.80","2,785.90",853.8,25.4,28.7,24.5,28.7,30,36.5,70.1,70.8,51.7,52.1,27.9,33.4,30.8,26,TT,26.9,42.8,Amarillo (lt),Mexico,PI319619,Jalisco&Durango,Middle American
YBC049,"1,485.60","1,235.80","1,717.40",988.5,33,37.2,33.1,30.1,84.5,95,55.8,53.9,43.1,38.8,25.1,23.9,21.2,24.5,TT,23.8,69.8,Mayocoba,Hungary,PI324544,Jalisco&Durango,Middle American
YBC050,"1,734.30","1,553.30","2,576.20","1,052.40",42.3,43.8,36,29.8,34.5,39,105.3,60.4,34.6,47.5,29.5,25.2,27.1,24.6,TT,36,36.8,Amarillo (dk),Hungary,PI324614,Andean,Andean
YBC051,"1,604.60","1,012.40","1,495.70",597.1,36,39.4,33.1,29.1,17.5,15,76.1,68.4,57.6,71.7,32.2,29.3,33.3,33.4,TT,24.1,46,Amarillo (dk),Hungary,PI324691,Andean,Andean
YBC052,"2,104.40","1,925.00","1,671.60",508.9,38.6,41.7,33.4,29.8,42.5,36.5,81.8,57.6,45.2,55.1,30.8,28.4,24.9,28.5,TT,27.6,60.5,Canary,Mexico,PI325722,Andean,Andean
YBC053,"2,331.30","1,776.80","2,013.40",772.5,38.6,41.8,35.5,29.7,41.5,20.5,63,65.4,37.8,47.3,25.6,31,25.4,27.4,TT,28.3,73.5,Canary,Brazil,PI337019,Andean,Andean
YBC054,"1,754.50","1,631.80","1,379.80",478,50.2,45,41.3,31,69.5,68.5,85.8,63.2,30.9,50.7,28.2,27.6,22,22,TT,26.2,39.3,Canary,Africa,PI353479,Andean,Andean
YBC055,"2,385.70","1,979.50",689.2, NA ,35.9,39.4,27.3, NA ,27.5,24,68.9,55.2,32.7, NA ,25.6,26.3,24.7, NA ,NN,28.1,38.5,Canary,India,PI361525,Andean,Andean
YBC056,"1,475.30","1,062.50","1,580.80",97.9,39.3,42.6,34.8,28.2,35,34.5,61,60.9,44.6, NA ,30.5,31.4,32.1, NA ,NN,29.6,57.3,Canary,Macedonia,PI368723,Andean,Andean
YBC057,"1,706.30","1,364.50","2,378.30","1,153.80",31.5,30.1,30.5,29.4,60.5,50,74.8,64.1,38.6,48.8,27.1,29.8,27.8,30.6,TT,24.8,76,Amarillo (lt),Macedonia,PI370594,Jalisco&Durango,Middle American
YBC059,"2,592.80","2,160.60","2,092.40","1,034.20",44,43.7,37.8,30.6,31,27.5,67.5,67.9,49.1,41.7,25.9,25.5,26,27,TT,26.4,49.5,Amarillo (dk),Canada,PI406145,Admix,Admixture
YBC061,"1,522.60",868,"1,812.60",748.4,39.9,40.8,34.3,29.9,30.5,22.5,59.6,58.1,46.7,48.5,31.6,28.1,20.1,25.3,TT,28.7,47.8,Amarillo (dk),Iran,PI416643,Andean,Andean
YBC063,"1,969.80","1,923.00","1,949.00",989.6,39.3,38.6,33.8,29.9,107,118,58.4,64.4, NA ,49.2,20.7,27.6, NA ,25.6,TT,28.7,60.5,Manteca,Netherlands,PI432679,Andean,Andean
YBC064,"2,038.70","2,313.60","1,895.80",593.4,47.8,48,43.8,30.5,59.5,61,62.8,63.8,38.7,50.7,27.3,29.2,24.7,25,TT,25.4,36.3,Amarillo (lt),Netherlands,PI432683,Andean,Andean
YBC065,"1,682.20","1,628.30","2,041.00",620,33.6,37,31.1,28.8,33.5,33,73.4,67.6,42.5,49.5,30.5,33.1,26.6,27.6,TT,25.2,51,Canary,Netherlands,PI432684,Andean,Andean
YBC066,"2,190.50","1,688.10","2,502.00",802.5,51.3,57.6,44.1,32.1,32,40,64.9,58.2,36.7,55.7,27.6,28.6,28.5,26.6,TT,22.8,57,Mayocoba,Netherlands,PI432685,Andean,Andean
YBC067,"2,383.00","1,733.00","2,086.00",338,34.7,46.9,34,29.9,32.5,25,63.9,59.1,43.3,40.3,30.7,30.8,27.7,27.8,TT,28.2,50,Canary,Netherlands,PI432686,Andean,Andean
YBC068,"2,156.70","1,718.10","1,959.40",842.9,47.9,50.7,48.5,32,53,41,67.8,64.4,44.8,50.2,28.2,32.9,29.3,28.1,TT,26,43.3,Canary,Netherlands,PI432688,Andean,Andean
YBC069,"1,967.50","1,541.30","3,178.90",635.1,49.1,52.2,43.6,31,56,48,70.9,60.1,49.6,49,30.3,30.4,27.1,27.1,TT,24.7,47.8,Canary,Netherlands,PI432691,Andean,Andean
YBC070,"1,930.30","1,500.50","1,547.20",627.3,38.8,45.9,38,29.5,48.5,28.5,89.8,63.8,39.8,51.9,32.2,27.9,22.7,27.9,TT,27.7,49,Canary,Netherlands,PI432698,Andean,Andean
YBC071,"2,400.00","1,732.20","2,211.80",227.7,32,37.6,32.5,28.9,108.5,108,63.8,57.9,33.7, NA ,25.7,28.2,24.3, NA ,NN,19.3,23.5,Manteca,United States,PI433611,Andean,Andean
YBC072,"1,959.00","2,230.20","1,714.70",425.7,40.8,42.2,34.6,30.3,52,41.5,71.4,66.5,46,54.6,26.6,29,24.2,29,TT,27.6,49,Canary,Mexico,PI449406,Andean,Andean
YBC073,"2,274.60","2,354.80","1,468.20",439,38.8,43.9,35,30.1,40,38.5,69.7,65.2,39.9,58.6,30.7,25.1,24.4,32.8,TT,27.5,61.3,Canary,Mexico,PI449407,Andean,Andean
YBC075,"2,174.10","1,853.90","1,256.40",630.4,41.3,38.7,34.3,29.7,46,23.5,56.9,75.8,38.5,50.1,24,29.9,22.8,26.8,TT,35.8,37.5,Amarillo (dk),Netherlands,PI458586,Andean,Andean
YBC076,"1,571.10","1,195.20","2,579.20","1,026.20",42.4,42.1,38.1,30.3,106,114.5,49.6,61.2,57.7,53.8,21.1,24.6,19.8,23.8,TT,28.5,41.8,Manteca,Netherlands,PI458592,Andean,Andean
YBC077,"2,295.60","1,999.50","2,005.70","1,220.40",20.2,21.7,19.7,27.2,30.5,26.5,61.3,68.7,46.9,55.9,31.9,30.3,25.8,30,TT,35.7,67.3,Amarillo (dk),Mexico,PI476701,Mesoamerica,Middle American
YBC078,"1,962.50","1,803.60","3,111.90","1,251.70",21.5,26.2,20.4,27,41,21.5,63.9,64,48.6,48.3,25,26,24.4,28.3,TT,29.6,61.3,Amarillo (dk),United States,PI476861,Jalisco&Durango,Middle American
YBC079,"2,394.00","1,913.90","2,177.00",968.8,48.6,51.2,45.3,31.4,60,34.5,59.1,64.9,51.1,52.9,31.6,28.4,25,24.9,TT,22.6,45.5,Amarillo (lt),Netherlands,PI486347,Andean,Andean
YBC080,"2,761.50","2,186.30","1,361.60",507.1,45.6,43.9,34.4,30,53.5,40.5,50.3,38.6,46.8,63.3,26.5,17,24.7,32.2,TT,27.4,51.3,Canary,Mexico,PI533286,Andean,Andean
YBC081,"2,389.10","1,905.70","1,417.40",661.4,43.1,41.6,34.8,30.6,45.5,34.5,82.2,76.9,60.5,61.2,31.9,27.8,22.8,28.9,TT,28.4,57.5,Canary,Mexico,PI533322,Andean,Andean
YBC082,"2,306.50","1,618.80","1,261.00",632.6,44.2,41.7,36,30.2,50.5,43.5,78,67,36.9,51.9,29.9,35.2,19.3,25.6,TT,32,75,Canary,Mexico,PI533323,Andean,Andean
YBC083,"2,192.00","1,940.10","1,474.70",730.7,39.6,41.6,34,30,53.5,43.5,65,64,52.2,58.9,28.5,29.3,24.4,27.6,TT,29.1,46.5,Canary,Mexico,PI533325,Andean,Andean
YBC084,"2,123.40","1,820.30","1,823.90",562.9,41.4,41.8,33.9,30.1,54,44,56.4,65.9,53.5,63.2,25.2,28.3,23.2,28.8,TT,27.5,53.5,Canary,Mexico,PI533332,Andean,Andean
YBC085,"1,970.40","1,898.90","1,555.80",736.5,41,43.1,32.3,29.7,53,46.5,62.5,63,41,55.3,28.1,30.3,23.3,28.7,TT,26.3,37.8,Canary,Mexico,PI533337,Andean,Andean
YBC086,"2,370.40","2,634.20","1,525.80",570.1,36.7,40.7,33.9,29.8,76.5,49.5,60.7,74.4,57.8,53.1,24.2,27.5,22.7,29.2,TT,30.4,45.5,Canary,Mexico,PI533355,Andean,Andean
YBC087,"1,738.40",535.8, NA , NA ,48.3,54.3, NA , NA ,50,40.5,56.6,57.5, NA , NA ,27.2,25.4, NA , NA ,TT,20.2,NA,Mayocoba,Ecuador,PI533364,Andean,Andean
YBC088,"2,493.50","2,220.40","1,530.00",577.7,42.6,42.6,35.2,29.9,22.5,30,60.5,66.8,49.7,60.7,27.5,27.8,28.3,30.7,TT,27.6,56.3,Canary,Mexico,PI533392,Andean,Andean
YBC089,"1,856.00","1,405.80","1,810.50",860.9,40.8,41.6,35,30,29,40,65,68.8,44.9,48.8,27.7,26,29.3,24.9,TT,26.5,49.5,Canary,United States,PI533445,Andean,Andean
YBC090,"2,288.60","1,567.70","1,447.90",953.7,42.9,41.5,35.6,30.3,27,35.5,59.7,74.3,42.5,45.8,25.1,31.4,25.1,28.1,TT,30,57.5,Canary,United States,PI533444,Andean,Andean
YBC091,"1,805.90","1,415.00","1,865.90",772.9,35,38.5,33.4,28.8,48,81,85.4,74.1,41.6,52.4,34.2,29.9,23.2,25.7,TT,28.5,40,Canary,Mexico,PI533489,Andean,Andean
YBC092,"2,264.00","1,723.40","1,551.80",629,39.4,40.5,33.2,29.9,24.5,37,96.4,66.3,42,60.3,33.9,31.2,23,30.4,TT,27.6,48,Canary,Mexico,PI533494,Andean,Andean
YBC093,"2,166.60","1,996.40","1,077.10",617.9,34.5,39.3,29.3,29.7,27.5,25.5,77.1,60.1,40,56.4,32.8,31.3,30.9,28.5,TT,30,62.3,Canary,Mexico,PI533506,Andean,Andean
YBC094,"2,064.00","1,810.50","2,830.90","1,634.70",24.1,23.5,25.9,28,29,26.5,73.8,62.6,44.2,55.4,27.8,23.9,29.5,22.5,TT,25.4,44.3,Amarillo (dk),United States,PI549902,Jalisco&Durango,Middle American
YBC095,"2,764.90","1,773.90","1,729.70",728.9,49.5,47.6,37.7,31,19,19,79.1,64.2,54.6,51.4,29.3,28.2,25.7,26.2,TT,28.7,64.5,Canary,United States,PI632356,Andean,Andean
YBC096,"1,871.10",721.6,"3,089.50","1,233.60",38.6,37.8,42,30.4,115,110.5,54.9,58.1,41.9,44.2,26.8,27.9,22.1,26,TT,22.5,35.5,White,Albania,W618676,Jalisco&Durango,Middle American
YBC097,"1,813.50","1,489.50", NA , NA ,41.8,44.1, NA , NA ,25,23,70.3,67.4, NA , NA ,30,27.8, NA , NA ,TT,22.9,NA,Amarillo (dk),United States,W618761,Andean,Andean
YBC098,"2,051.80",907.5,"1,004.20",119.1,42.7,43,35.7,28.8,71,26.5,84.7,66.6,38.7,49.5,29.6,25,20.7,26.5,TT,30.2,34.8,Canary,United States,W618783,Andean,Andean
YBC099,"1,537.40","1,038.90","1,725.20","1,232.10",31.9,34.3,28.1,29.9,97.5,64,61.8,64.3,48,56.9,28.8,23.8,22.4,27.2,TT,25.6,127.3,Amarillo (dk),United States,PI640975,Jalisco&Durango,Middle American
YBC100,"1,878.50","1,055.90", NA , NA ,38.8,32.8, NA , NA ,25.5,24,50.7,48.1, NA , NA ,25.4,25.3, NA , NA ,TT,31.3,NA,Canary,Bulgaria,W612332,Andean,Andean
YBC101,"2,430.60","1,531.20","1,997.90",633.4,52.8,57.6,49.5,32.4,109,113,58.6,61,38.5,49.6,25.1,27,23.6,25,TT,25.3,34.5,Manteca,Bulgaria,W612325,Andean,Andean
YBC102,"1,660.10","1,500.20","1,319.70",283.3,51.5,59.3,46.4,32,74.5,75,82.5,55,50.1,60,36.5,30.6,28.7,35.3,TT,27,36.8,White and red mottled,Ukraine,PI661861,Andean,Andean
YBC103,"1,512.70","2,246.50","2,262.70",560.5,60.2,59,49.5,31.8,113.5,118,68.8,59.1,75.9,57.9,28.8,29.3,26.9,27.4,TT,21.3,33,Manteca,Ukraine,PI661862,Andean,Andean
YBC105,"2,323.00","1,698.90","2,029.90",625.2,50.8,48.1,46.2,32.1,68.5,92,68.5,78.9,60.8,46.9,28.9,36.6,32.3,33.8,TT,28.5,35.3,Manteca,Bulgaria,PI661640,Andean,Andean
YBC106,"2,124.10",869.1,"1,592.10",628.3,34.7,31.8,30,28.5,19.5,14.5,53,53.6,37.7,44.6,24.6,31.2,25,29,TT,29.9,44.3,Amarillo (lt),Bulgaria,PI661644,Andean,Andean
YBC107,"1,707.30","1,573.90","1,556.40",581.1,54.8,50.4,44.3,31.4,33.5,23.5,65,71.9,53.9,60.8,27.1,32.6,31.4,28.6,TT,28.2,39.8,Canary,Bulgaria,W69751,Andean,Andean
YBC108,"2,454.60","1,964.60","1,509.10",617.1,43.9,42.5,33.5,29.9,29,33,54.1,57.7,45.2,48.9,21.9,26.6,25.9,25.5,TT,24.8,40.8,Canary,Russian Federation,PI640942,Andean,Andean
YBC109,"1,991.20","2,060.50","2,014.30",617.4,46.7,49.6,41.1,31,63.5,63.5,90.5,61.3,39.2,49,36.3,27.2,22.9,23.5,TT,28.3,44.5,Canary,United States,W614867,Andean,Andean
YBC111,"1,220.50","1,080.80","2,219.80",966.9,22.8,21.6,19.9,27.1,91.5,93.5,69.3,58.4,47.9,42.9,25.5,28.9,25.4,26.1,NN,24.3,111.8,Mayocoba,Italy,Zolfino,Admix,Admixture
YBC112,"2,130.10","2,316.10","1,399.20",645.2,40.2,41.1,34.6,30,33.5,32,71.9,57.5,44.2,52.2,33.6,29.2,26.4,27.2,TT,22.8,44,Canary,NA,Ireland Creek Annie,Andean,Andean
YBC113,"2,127.30","1,846.90","1,986.80","1,115.20",36.1,37.2,31.3,29.7,24.5,22,77.8,66.8,38.8,46.1,25.2,29.3,32.1,22.4,TT,24.9,52.3,Amarillo (dk),United States,Marafax,Andean,Andean
YBC114,"2,811.70","2,122.10","1,987.60",696.3,50.4,49,44.5,32.1,58,62.5,56,56.7,38.3,38.9,25,24.8,25.8,21.9,TT,23.8,63,Canary,United States,Y1604 ,Andean,Andean
YBC115,"2,033.70","1,916.00","1,542.80",864.6,43.6,46,38.7,30.9,71.5,30,68.2,77.5,46.9,58,26.3,31.7,21.9,23.2,NN,27.6,44,Amarillo (dk),United States,Y1608 ,Andean,Andean
YBC116,"1,850.40",974.2,"2,279.50",797,37.8,35.3,36.1,29,103,96.5,51.6,49.8,58.1,38,20.3,25.4,26.3,21.2,GG,24.7,58,Mayocoba,United States,ADP0646,Andean,Andean
YBC117,"2,184.60","2,070.50","2,088.30",693.9,35,43.3,36.7,29.5,65,67,81.5,95.7,46.8,54.9,24.8,33.1,25.4,26.4,TT,26.7,66.8,Canary,Africa,Masindi yellow (kidney long),Andean,Andean
YBC118,"1,882.70","1,616.90","1,892.80",600.4,41,49.1,37.9,30.1,55,51,79.9,59.9,41.5,47,29.8,26.9,28.7,24.3,TT,29.3,35.8,Canary,kenya,ADP0524,Andean,Andean
YBC119,"2,493.50","1,563.90","2,026.30",586.4,38,40.3,36.4,30.2,51,53,69.2,67.5,43.8,59.9,34.9,28.7,29,29.9,TT,26.3,51.5,Canary,Uganda,MOORE88002,Andean,Andean
YBC120,"1,800.10","1,845.40","1,148.70",889.4,34.9,41.1,30.9,28.9,47,44,74.4,95.8,51.7,54,26.7,32.7,34.1,26.6,TT,28.5,40.8,Canary,Uganda,Masindi yellow (oval),Andean,Andean
YBC121,"2,497.80","2,273.30","1,991.20",858.5,42.9,41,34.7,29.8,106,104,75.3,71.1,36.2,59.2,28.5,30.9,23.4,26,TT,24.8,39,Amarillo (lt),Tanzania,ADP0761,Andean,Andean
YBC122,"2,066.30","1,314.10","1,231.00",305.5,39,40.1,33.4,29.4,105,102.5,66.4,60.2,47.4,46.9,30.3,28.8,26.9,28.1,GG,21.8,55.5,Mayocoba,Canada,ADP0781,Andean,Andean
YBC123,"2,114.30","2,042.20","1,782.60",481.6,45.5,40.9,36.7,30.3,99.5,94,64,61.1,41.5,49.6,26.3,26.8,31.3,28.8,GG,27.6,65.3,Mayocoba,Canada,ADP0779,Andean,Andean
YBC124,"2,269.80",982.9,"2,593.00",717.6,35.7,42.1,36.3,30.2,108.5,117.5,71.8,74.1,36.3,54.2,24.1,37.2,25.7,28.9,TT,20.2,82.5,Manteca,Angola,ADP0518,Andean,Andean
YBC125,"1,806.30","1,244.80","2,252.70","1,044.60",38.1,43.2,35.4,30.3,63.5,53.5,89.6,60.7,52.6,51.5,27.7,28.1,25.9,24.1,TT,35.2,65,Canary,Angola,ADP0523,Andean,Andean
YBC126,"2,047.90","1,105.20","1,919.80",661.6,41.2,44.8,42.4,30.6,104.5,95.5,75.3,74.2,37.9,52,25.1,25.5,27.4,20.8,GG,27,43.8,Mayocoba,United States,Y11405,Andean,Andean
YBC127,"2,210.00","1,246.40","2,020.00",737.8,38.8,40.7,36.8,28.9,119.5,97.5,48.7,45.3,38,40.1,21.5,24.7,26.9,21.9,GG,31.8,63,Mayocoba,United States,DBY-28-1 (will be released as Patron),Andean,Andean
YBC128,"2,180.90","1,587.80","2,524.30",550.1,39,40.9,31.7,29.1,76.5,70.5,89.5,58.1,46.9,44.5,26.1,25,21.1,22.5,TT,25.2,54,Green-yellow,Angola,ADP0520,Andean,Andean
YBC129,"2,667.90","1,974.90","2,772.90",910.5,48.2,51.3,50.3,32.5,112.5,114.5,77.2,59.4,35.8,47.8,27.1,28.5,18.5,25,TT,20.3,30.3,Manteca,Angola,ADP0512,Andean,Andean
YBC130,"2,052.30","2,115.70","2,324.20",589.7,43.6,51.5,43.6,30.4,45,32.5,77.8,67.5,58,48,29.3,31.7,26.1,23.4,TT,24,42.5,Green-yellow,Burundi,ADP0468,Andean,Andean
YBC131,"2,255.20","1,509.40","1,974.90",733.2,30,32.5,28,28.5,81,80.5,71.9,85.3,50.8,50.9,29.1,38,26,29.8,TT,20.6,58,Amarillo (lt),East Africa,ADP0462,Mesoamerica,Middle American
YBC132,"3,165.00","1,974.90","3,867.00","1,474.50",42.9,43.9,39.2,31.2,19,15.5,60.6,49.9,41.8,39.9,22.3,20.7,28.4,24.1,TT,26.4,33.3,Amarillo (dk),Tanzania,ADP0007,Admix,Admixture
YBC133,"2,045.50","1,897.20","2,247.50",574.7,41.8,47,38.3,29.5,14.5,12.5,74.5,74.1,36.4,56.8,32.1,33.2,26.4,30.5,TT,32.2,65.3,Brown,Tanzania,ADP0027,Andean,Andean
YBC134,"2,318.70","2,394.90","3,073.90",263.2,53.6,63.7,48,31.7,26.5,18.5,75.2,62.7,57,56.1,30.4,31.9,24.9,29.9,TT,20,77.3,Brown,Tanzania,ADP0037,Andean,Andean
YBC135,"2,602.90","1,945.70","1,944.20",845.8,40.4,42.4,34.4,29.6,66.5,77,72.5,56.1,44,46.2,25.1,25.8,25.1,25,TT,30.1,59.5,Amarillo (dk),Tanzania,ADP0111,Andean,Andean
YBC136,"1,466.80","1,311.00","2,050.50",507.7,35.8,37.1,29.1,28.7,35,30,112.5,65.3,64,49.9,30.9,28.9,24.5,25.1,TT,31.3,68.8,Canary,Angola,ADP0513,Andean,Andean
YBC137,"2,148.70","1,344.70","2,442.80",652.1,36.5,39.7,35.8,29.3,151,105.5,85.5,67.7,32.9,52.5,28.6,32.6,24.6,25.5,TT,20.4,95.3,Manteca,Angola,ADP0521,Andean,Andean
YBC138,"3,299.40","1,739.30","3,932.40","1,898.00",26.3,28.7,24.5,28.2,46.5,18.5,52.9,61.5,36.8,60.5,22.7,28.3,24.9,27.5,TT,39.7,85.3,Amarillo (dk),Angola,ADP0522,Jalisco&Durango,Middle American
YBC139,"2,018.80","1,582.80","1,624.10",120,49.1,58.5,42.6,29.7,27.5,20,63,68.6,46.2, NA ,31.3,32.3,23.3, NA ,TT,21.5,54.8,Amarillo (dk.) with brown stripes,Tanzania,ADP0004,Andean,Andean
YBC140,"2,824.20","2,150.80","2,317.70",490.8,43,42.4,33.7,29.9,35.5,23.5,64.2,56.5,60.3,44.1,28.8,26.7,27.6,26.4,TT,24.1,56.5,Amarillo (dk),Tanzania,ADP0014,Andean,Andean
YBC141,"2,121.40","1,861.80","1,722.00",196.6,40,52.5,39.8,31,23.5,12.5,71.4,64.3,38.3,52.8,33.7,30.8,28,28.4,TT,25.4,46,Beige and brown stripes,Tanzania,ADP0019,Andean,Andean
YBC142,"2,189.10","1,486.10","1,767.70",649,45.8,46.6,40.3,30.8,50.5,58,57.8,60.9,37.4,47.4,27.5,24.2,28,24.5,TT,32.1,35,Canary,Tanzania,ADP0021,Andean,Andean
YBC143,"2,305.50","1,678.90","2,470.40",366.4,47.8,50,46,30.7,37.5,35,61.9,61.2,36,43.7,27.6,28.5,22,24.4,TT,25.5,30.8,Canary,Tanzania,ADP0024,Andean,Andean
YBC144,"2,365.50","1,484.00","2,578.60",626.3,46.3,46.4,36.5,29.7,27.5,19,69.1,57,45.3,49.5,26.7,24,25.3,28.1,TT,29.7,40,Amarillo (dk),Tanzania,ADP0028,Andean,Andean
YBC145,"2,816.40","2,444.60","2,777.00","1,124.00",53.2,53.7,47.5,31.6,27.5,14.5,69.8,77.8,39.4,54.2,26.9,32.8,26.4,25.5,TT,24.6,57.3,Brown,Tanzania,ADP0047,Andean,Andean
YBC146,"2,300.90","1,680.00","2,002.30",525.7,32.1,36.6,29.1,28.6,53,37,71.9,59.5,61,51.3,27.8,24.8,29.4,21.2,TT,24.1,62.8,Canary,Tanzania,ADP0064,Andean,Andean
YBC147,"1,992.20","1,512.70","1,603.00",166.1,28.8,36.3,29.8,27.6,29,15.5,70.2,68.7,36.5, NA ,28.9,33.4,26.3, NA ,TT,28,36.8,Canary,Tanzania,ADP0066,Andean,Andean
YBC148,"1,876.60","1,316.20","1,566.00",298.7,32.3,33.8,28.4,28.2,30.5,25,67.8,80,40.7,47,23.1,29.7,24.8,27.7,TT,23.3,31.5,Canary,Tanzania,ADP0067,Andean,Andean
YBC149,"2,216.30","1,738.00","2,300.70",782.4,48,55,42.5,31.2,34.5,30,52.6,62.8,62.4,44,20.1,27,21.4,21.4,TT,24.7,45.3,Green-yellow,Tanzania,ADP0071,Andean,Andean
YBC150,"2,339.60","1,793.10","2,530.50",533.5,47,52.3,42.2,30.2,22.5,19.5,88.1,84.3,37.2,54.7,28.1,32.4,22.2,25.8,TT,24.6,89.3,Brown,Tanzania,ADP0072,Andean,Andean
YBC151,"2,550.80","2,026.10","1,876.20","1,157.60",50.6,53.4,46.6,31.2,29,28.5,74.4,69.4,50.9,53.6,31.1,26.9,26.6,25.5,TT,27.5,52.5,Brown,Tanzania,ADP0075,Andean,Andean
YBC152,"2,043.90","1,620.50","1,452.00",470.5,55.7,66.3,50,33.3,40.5,24.5,78.7,53.6,33,46.8,31.5,29.5,22,28.2,TT,26.8,43,Beige and brown stripes,Tanzania,ADP0090,Andean,Andean
YBC153,"1,696.20","1,262.20","2,182.80",392.5,27.6,32.1,28.7,28.4,50,51,75.6,78.3,29.7,52.2,28.1,31.3,19.4,27.1,TT,21,63,Canary,Tanzania,ADP0092,Andean,Andean
YBC154,"1,921.10","1,196.20","1,857.80",427,29,33.3,28.7,28.2,59,56.5,74,69.8,49.1,58.9,24.4,22.4,24.7,23.9,TT,24,63,Canary,Tanzania,ADP0093,Andean,Andean
YBC155,"2,031.30","1,603.70","1,563.00",441.2,34.9,39.8,33.4,29.2,37.5,36,67.3,62.9,29.4,46.7,21.4,27.7,18.7,23.4,TT,24.8,73,Canary,Tanzania,ADP0094,Andean,Andean
YBC156,"1,913.40","1,882.50","1,984.30",267.2,58.9,72.8,54.3,32.1,27.5,27.5,66.6,65.6,40.3,51.7,31.6,30.2,19.9,30.2,TT,24.7,54.5,Beige and brown stripes,Tanzania,ADP0095,Andean,Andean
YBC157,"1,800.30","1,502.30","2,545.20",561.4,38.7,42,35.1,29.5,27,26.5,57.5,71.2,44.9,47.2,23,26.6,23.2,24.7,TT,23.9,55,Canary,Tanzania,ADP0108,Andean,Andean
YBC159,"1,864.70","2,112.90","1,986.00",559.2,42.7,50.6,42.9,31.5,11,17.5,56.8,62.2,43.8,48.5,27.9,29.2,24.4,26.4,TT,23.6,65.3,Beige,Brazil,ADP0212,Andean,Andean
YBC160,"3,242.50","2,002.00","5,275.30","1,645.60",44.5,48.7,40.8,30.9,45.5,54.5,56.7,59.8,42.1,49.5,22.1,24.4,24.6,25.9,TT,45.1,125,Beige,Mexico,ADP0255,Jalisco&Durango,Middle American
YBC161,"2,188.20","1,787.20","1,506.10",672.2,59.4,59.8,52.1,32.6,41,46.5,62.4,55.9,57.6,42.3,26.5,25.6,29.2,25.7,TT,23.1,38,Beige,Hungary,ADP0303,Andean,Andean
YBC162,"2,741.30","1,802.30","2,189.50",754.1,24.1,25.8,24.1,28.3,41.5,42,63.2,68.1,37.4,58.2,28.8,32.2,27.9,29.4,TT,20.4,33.3,Canary,Puerto Rico,ADP0441,Mesoamerica,Middle American
YBC163,"1,788.10","1,229.30",933.7, NA ,39.3,39.4,30.4, NA ,40.5,48.5,86.7,62.7,33.3, NA ,31.1,28.9,26.3, NA ,TT,30.4,55.5,Canary,United States,ADP0703,Andean,Andean
YBC165,"1,836.40","1,346.00","2,101.80","1,383.00",26.3,27.3,26.5,28.2,12,26,83.2,70.5,57.3,66.1,27.9,27.4,27,28.4,TT,31.5,122.5,Beige,Kenya,ADP0465,Jalisco&Durango,Middle American
YBC166,"2,232.70","1,335.10","2,124.50",626,34,34.1,33.2,29.6,46.5,44,66.8,71.9,45,59.5,23.9,25.4,20.3,25.6,TT,33,65,Canary,Zambia,ADP0475,Andean,Andean
YBC167,"2,025.10","1,795.10","1,175.40", NA ,47.1,44,35.5, NA ,29,41.5,72.8,70.5,42.5, NA ,29.5,27.5,25.1, NA ,TT,24.7,32.5,Green-yellow,Kenya,ADP0478,Andean,Andean
YBC168,"1,818.10","1,681.70","1,248.80",427.8,44.7,48,32.5,30,18,26.5,57.3,55.2,33.6,55.7,26.1,26.4,21.6,29.3,TT,25.8,NA,Amarillo (dk),Burundi,ADP0479,Andean,Andean
YBC169,"2,294.90","2,093.80","2,856.60",569.8,42.7,49.9,39.5,30.4,36,38.5,78.5,61.3,47.6,49.3,29.9,27.4,18.4,26.2,TT,35.3,60.5,Canary,Kenya,ADP0483,Andean,Andean
YBC170,"1,821.30","1,294.10","2,051.80",653.3,36.4,39.2,33.7,29.5,73,68,68.3,57.1,32.9,46.9,23.3,22.1,22.7,21.5,TT,23.6,52.8,Green-yellow,Angola,ADP0508,Andean,Andean
YBC171,"1,596.00","1,377.40","2,469.70",693.2,32.8,36.3,30.9,28.4,87.5,85.5,85.8,105.8,38.8,55.2,24.5,31.9,24.4,24.3,TT,28.8,62,Canary,Angola,ADP0514,Andean,Andean
YBC172,"2,688.40","1,342.40","2,738.90",991.8,52.1,59.5,51.5,34.7,34.5,50.5,67.5,95.4,42.2,42.1,24.6,31.5,22.1,22.4,TT,29.1,79,Beige,Colombia,ADP0532,Andean,Andean
YBC173,"2,182.60","2,092.90","1,760.60",462.2,43,50.3,43,30.7,34.5,44.5,87.1,61.7,40.5,56.9,32.2,31.5,19,26.2,TT,23.1,37,Green-yellow,Burundi,ADP0534,Andean,Andean
YBC174,"1,940.00","1,696.70","1,756.70",199.7,41.6,51.7,42.5,31,18.5,23,92.6,58.1,44.9,45.2,29,26.6,24.4,27.5,TT,45.3,85.5,Amarillo dark and light mottled,Ecuador,ADP0566,Andean,Andean
YBC175,"1,792.40","1,306.00","2,716.10",594.7,36.7,42.8,36.5,29.3,41.5,34,65.7,63.6,45,42.4,24.5,23.5,24.5,22.2,TT,23.7,54.8,Amarillo (lt),Brazil,ADP0621,Andean,Andean
YBC176,"1,619.80","1,132.80","2,856.20",261.1,38.4,36.5,30.7,28.6,107.5,97,80.2,62.6,29.9,53.4,31.7,29.3,19.9,31.3,GG,27,43.3,Mayocoba,Canada,ADP0780,Andean,Andean
YBC177,"2,283.30","1,266.40","2,038.30",402.6,31.3,34.5,38.8,29.5,81.5,85,66.9,75.1,35.6,45.9,22.9,27.8,21.8,24.7,GG,31.2,NA,Mayocoba,Puerto Rico,ADP0791,Andean,Andean
YBC178,"2,538.00","1,313.80", NA , NA ,37.9,32.7, NA , NA ,104.5,97.5,67.2,54.6, NA , NA ,27.6,26.6, NA , NA ,GG,30.5,NA,Mayocoba,Puerto Rico,ADP0792,Andean,Andean
YBC179,"1,760.20","1,358.00","1,613.80",302.9,39.2,47.5,38.7,29.8,51,46.5,60,55.3,62.3,47.6,24.6,22,30.6,25.6,TT,35,31,Canary,Tanzania,ADP0020,Andean,Andean
YBC180,"2,023.50","2,444.10","2,574.30","1,020.80",52.3,54.4,48.7,31.3,32,28.5,85.9,58.5,49.7,60.1,30.6,25.6,24.9,25.2,TT,24,62.3,Brown,Tanzania,ADP0073,Andean,Andean
YBC181,"2,540.10","1,244.00","3,078.10","1,130.60",23,23.1,21.7,27.1,27,25.5,81.3,66.5,39.8,54.9,28.6,26.2,24.5,24.7,TT,27.4,67.5,Brown,Tanzania,ADP0091,Mesoamerica,Middle American
YBC182,"2,073.30","1,832.50","2,720.90",514.7,33.1,40.7,34.3,28.7,114,111.5,62.1,68.5,39.6,53.2,25,29.1,26.7,27.7,TT,25.9,34,Manteca,Tanzania,ADP0124,Andean,Andean
YBC183,"1,786.50","1,070.50","1,843.90",135.4,43.5,54.3,41.6,28.5,30.5,33,54.6,62.1,35.1,51.3,27.2,28.7,24.6,28.3,TT,30.3,44,Amarillo (dk.) with brown stripes,Kenya,ADP0188,Andean,Andean
YBC184,"2,193.20","1,573.60","2,447.70","1,043.80",48.3,52.2,45.2,31.4,53.5,47,74.7,66.3,39.7,52.6,27.7,26.9,23.6,29,TT,26.8,69.8,Amarillo (dk),Georgia,ADP0351,Andean,Andean
YBC185,"2,712.30","2,343.80","1,406.90","1,247.00",22.8,23,22.8,28,33,14,98.1,70.6,40.6,49.6,34.4,29.6,32.9,28.5,NA,NA,NA,NA,NA,NA,NA,NA
YBC186,"1,759.20","1,091.80","1,799.60","1,276.00",39.4,37.3,32.7,29.6,115.5,100,64.5,62.3,45.6,48.6,30.6,25.7,22.7,22.9,TT,NA,NA,Manteca,Europe,ADP0476,Andean,Andean
YBC187,"2,005.80","2,011.90","2,013.10",422.1,39.8,46.5,37.1,30.4,43.5,31.5,73.5,63.5,54.1,57.9,24.8,27.3,25.6,25.3,TT,NA,NA,Amarillo (dk.) with brown mottles,Angola,ADP0509,Andean,Andean
YBC190,"2,335.00","1,287.90","1,964.30",446.2,36.7,40.4,35.4,30.3,45.5,39.5,88.3,64.1,32.1,61,34.5,27.4,19.7,30,TT,NA,NA,Canary,Uganda,Akaryose,Andean,Andean
YBC191,"2,626.90","1,255.80","2,202.10",581.4,37.8,37.2,34.8,28.9,39,26,75,70,55.9,60.1,34.2,33.9,30,32.5,TT,NA,NA,Beige,Uganda,NCC093,Admix,Admixture
YBC192,"2,377.40","1,794.90","2,691.20","1,728.40",21,22.2,18.7,27.2,92,85.5,74.5,64.6,48.5,51.9,27.4,28.7,24.8,25.6,TT,17,NA,Amarillo (lt),Uganda,Roba-1,Mesoamerica,Middle American
YBC193,"2,052.50","1,518.30","2,640.00",460.7,41.4,40.4,36.6,29.9,85.5,90.5,60.3,56.9,42.4,46,24.9,22.6,21.9,25,GG,NA,NA,Mayocoba,United States,Y16501,Andean,Andean
YBC194,"2,177.50","2,229.60","1,787.80",831.6,36.4,39.8,36.4,28.5,73.5,74.5,75,68.8,42.3,50.3,27.7,27.3,25.9,22.5,GG,NA,NA,Mayocoba,United States,Y16503,Andean,Andean
YBC195,"1,990.80",817.7,"1,979.00",288,35.6,34,36.6,30.3,103.5,105,59.1,61.3,54.9,59.3,23,21.5,23.9,26.2,GG,NA,NA,Mayocoba,United States,Y16505,Andean,Andean
YBC196,"2,377.00","1,597.00","1,876.70",866.6,40.7,35.8,34.5,29.5,69,95,57.4,59.9,44.2,56.1,26,24.7,25.7,25.4,GG,NA,NA,Mayocoba,United States,Y16507,Andean,Andean
YBC197,"1,660.60","1,355.70",965.2,311.8,39.7,43.4,32.2,29.3,110,92,62.9,57.8,33.1,48.7,37,26.7,29.3,28,GG,NA,NA,Mayocoba,United States,CO_YL22,Andean,Andean
YBC198,"2,135.70","2,111.20","2,275.10",468.4,47.7,51.2,45.7,31,70,70.5,61.5,64.1,38.9,50.9,28.4,24.6,22.1,23.6,GG,NA,NA,Mayocoba,United States,UC Canario 707,Andean,Andean
YBC199,"1,795.50","1,414.10","1,434.00",421.2,41.2,45.2,40.9,29.8,103.5,101,55.1,69.8,34.4,51,28.4,35.9,30.9,31.1,TT,NA,NA,Mayocoba,United States,NZ-23-15,Andean,Andean
YBC200,"1,578.90",934.5,"2,622.40",796.2,34.1,36.4,33.2,30.6,66,78,74.8,70.1,52.3,64.1,37.5,35.3,25.3,35.5,TT,NA,NA,White,United States,CO_96212,Andean,Andean
YBC203,"1,788.80","1,527.30","1,910.30",885.1,37.8,40.7,35.1,29.6,25,41,65.7,62.2,48.6,52.2,27,27.6,25.1,29,TT,NA,NA,Amarillo (dk),East Africa,ADP0471,Andean,Andean
YBC204,"2,363.10","1,061.40","2,304.00",564.5,35,37.7,32,29,41.5,30,63.9,61.8,41.4,56.5,29.9,26.8,21.8,25.6,TT,NA,NA,Canary,Angola,ADP0511,Andean,Andean
YBC206,"2,288.40","1,480.40","2,928.40",897.6,38.3,41.2,35.3,30.3,107,97.5,62.3,76.4,42.1,49.4,27.5,32.9,29,27.7,GG,NA,NA,Mayocoba,Puerto Rico,PR-1146-138,Andean,Andean
YBC207,"1,850.90","1,118.10","3,568.60","1,069.60",37.9,40.6,38.8,29.8,102,101.5,56.7,47.4,31.4,41,26,19.6,18.5,21.1,GG,NA,NA,Mayocoba,United States,OSU-242,Andean,Andean
YBC208,"1,754.80","1,418.30","1,379.70",768.2,44.1,52.3,41.7,30.7,105.5,105,62.1,58.9,34.6,46.4,31.4,23.5,22.5,25,GG,NA,NA,Mayocoba,United States,NE-17-1,Andean,Andean
YBC209,"2,471.80","1,669.20",999.7,524.1,43.8,44.2,35.5,30.1,96,103.5,54.3,60.1,52.9,49.9,29.3,26,25,26.1,GG,NA,NA,Mayocoba,United States,NE-17-2,Andean,Andean
YBC210,"2,327.10","2,077.80",757.3,700.7,44.4,41.3,34.5,30.1,89.5,97.5,57.1,61.9,42.9,43,28.5,25,25.9,22.9,GG,NA,NA,Mayocoba,United States,NE-17-3,Andean,Andean
YBC211,"2,243.00","1,444.40",652.6,620.7,43.7,46,35.1,30,90,93.5,56.1,62.1,30.1,45.4,28.7,25.9,20.2,24.4,GG,NA,NA,Mayocoba,United States,NE-17-4,Andean,Andean
YBC212,"2,591.30","1,565.30","1,026.20",681.1,49.4,48.8,40.2,30.8,72.5,83.5,49.5,66.3,30.1,46.3,26.9,23.9,25.1,25,GG,NA,NA,Mayocoba,United States,NE-17-5,Andean,Andean
YBC213,"2,589.10","1,094.00","2,035.90",478.8,48.2,45.1,39.7,30,100.5,97.5,45.1,63.8,39.3,47,25.7,25.5,23.3,25.1,GG,NA,NA,Mayocoba,United States,NE-17-6,Andean,Andean
YBC214,"1,238.10","1,223.10",832.8, NA ,35.8,40.5,35.6, NA ,93,89,64,51.9,28.9, NA ,30.8,24.2,25.1, NA ,GG,NA,NA,Mayocoba,United States,NE-17-7,Andean,Andean
YBC215,"1,753.20","1,801.50","2,621.00",323.8,35.2,39.2,36.4,29.1,105,110,52.5,59.9,30.6,38.8,27.3,24.7,24,23,GG,NA,NA,Mayocoba,United States,LPID-35,Andean,Andean
YBC216,"1,656.80","1,162.40","2,616.40",354.2,36.8,37.8,35.3,29.9,106.5,104,57.1,58.7,29.1,47.7,26.7,24.5,20.3,24.4,GG,NA,NA,Mayocoba,United States,LPID-36,Andean,Andean
YBC217,"1,586.40","1,166.20","1,484.60",381.8,49.4,53.7,52.2,32.4,73,69.5,64.6,53.1,54.1,49.3,24,29.1,24.4,27.8,TT,NA,NA,Mayocoba,Colombia,MAN    4,Andean,Andean
YBC218, NA , NA , NA , NA , NA , NA , NA , NA , NA , NA , NA , NA , NA , NA , NA , NA , NA , NA ,NA,NA,NA,NA,NA,NA,NA,NA
YBC219, NA , NA , NA , NA , NA , NA , NA , NA , NA , NA , NA , NA , NA , NA , NA , NA , NA , NA ,NA,NA,NA,NA,NA,NA,NA,NA
YBC220, NA , NA , NA , NA , NA , NA , NA , NA , NA , NA , NA , NA , NA , NA , NA , NA , NA , NA ,NA,NA,NA,NA,NA,NA,NA,NA
YBC221,"3,118.80","1,542.20","1,255.30",587.3,28.9,27.4,24.3,27.7,80.5,74,69,80,43.9,55.1,29.3,30.9,28.9,31.1,GG,NA,NA,Mayocoba,Colombia,CAN   15,Admix,Admixture
YBC222,"1,698.20","1,450.60","1,493.10",827,28.7,30.7,27.9,28.7,111.5,103,74.6,70.8,43.6,50.4,39.1,34.5,27,27,GG,NA,NA,Mayocoba,Colombia,CAN   24,Mesoamerica,Middle American
YBC223,"2,595.80","1,009.10","2,279.90",763.8,35.5,37,27.2,28.1,78.5,69.5,59.2,66.7,51.5,42.7,29.7,32.9,30.3,30.6,GG,NA,NA,Mayocoba,Colombia,CAN   29,Admix,Admixture
YBC224,"2,035.90",822.6,"1,474.00",461,38,39.5,26.9,29.2,111,111.5,66,62.6,49.6,36.3,26.3,26.2,26.4,22.3,GG,NA,NA,Mayocoba,Colombia,CAN   32,Andean,Andean
YBC225,"1,396.80","1,016.80","1,570.60",369,41.1,45.6,35.9,29.7,82.5,75,67.3,59.8,45.6,43.7,28,26.3,24.1,23.9,TT,NA,NA,Canary,Colombia,CAN   33,Andean,Andean
YBC226,"2,056.40","1,384.00","1,759.10",520.6,38.1,42.9,37.2,30.6,68.5,63,50.9,59.6,31.6,48.2,28.8,27.9,19.5,28.6,TT,NA,NA,Canary,Colombia,CAN   34,Andean,Andean
YBC227,"2,094.40","1,289.30","1,697.60",446.7,34.8,34.9,32.3,28.3,75,83,69.9,70.4,40,52.7,32,30,28,29.1,GG,NA,NA,Mayocoba,Colombia,CAN   35,Andean,Andean
YBC228,"2,062.40","1,838.00", NA , NA ,47.6,42, NA , NA ,87.5,100.5,69.4,72.9, NA , NA ,31.6,31.3, NA , NA ,GG,NA,NA,Mayocoba,Colombia,CAN   37,Andean,Andean
YBC229,"1,829.40",870.3,904, NA ,29.9,31.1,28.9, NA ,24.5,30.5,74.6,68.1,62.1, NA ,33.7,27.6,27.2, NA ,TT,NA,NA,Canary,Colombia,CAN   39,Admix,Admixture
YBC230,"1,689.70","1,193.20","2,018.10",412,36.8,35.8,36.7,29.9,104.5,103,80.3,67.1,52.4,52.2,38.7,32.6,25.6,32.4,GG,NA,NA,Mayocoba,Colombia,CAN   40,Andean,Andean
YBC231,"2,310.60","1,325.00","1,457.10",376.8,25.3,28.5,21.6,26.8,110,97.5,68.1,91.2,47.9,41.6,33.3,32.6,24.7,28.9,GG,15,23,Mayocoba,Colombia,CAN   44,Andean,Andean
YBC232,"1,923.70","1,343.30","2,769.80",509,40.7,44.8,41.3,30.6,83,75.5,64.1,60.1,41.2,45.8,25.4,26.4,21.9,26.1,TT,NA,NA,Canary,Colombia,CAN   45,Andean,Andean
YBC233,"2,152.40","1,412.60", NA , NA ,44.2,44.4, NA , NA ,104,107.5,64.8,63.3, NA , NA ,28.4,27.5, NA , NA ,GG,NA,NA,Mayocoba,Colombia,CAN   47,Andean,Andean
YBC234,"2,067.60","1,425.70","1,552.20",407.1,36.8,41.2,34.7,30.4,106.5,106,67.8,60,41.5,54.6,32.4,30.9,30,30.2,GG,NA,NA,Mayocoba,Colombia,CAN   48,Andean,Andean
YBC235,"2,289.80","1,955.50","1,505.10",430,36.6,41.3,35.3,29.3,110,105.5,55.5,62.2, NA ,47,31,28.7, NA ,28.5,GG,NA,NA,Mayocoba,Colombia,CAN   49,Andean,Andean
YBC236,"1,942.80","1,539.60","1,835.80",485.7,32.4,27.9,25.1,27.7,81.5,74.5,95.5,82.7,63.7,55.4,41.4,39.3,36.7,43.2,GG,NA,NA,Mayocoba,Colombia,CAN   54,Admix,Admixture
YBC237,"2,567.20",900.9,"1,869.10",478.1,35.4,35.3,28.4,28.3,63.5,59.5,60.8,78.7,62.3,60.2,23.7,31.5,23.9,29.2,GG,NA,NA,Mayocoba,Colombia,CAN   55,Admix,Admixture
YBC238,"1,684.90",810,"1,051.70",389.1,30,34.6,26.4,27.9,91,69,81.8,69.4,54.4,52.8,35.8,35.3,34.6,29.8,GG,NA,NA,Mayocoba,Colombia,CAN   69,Andean,Andean
YBC239,"1,610.20",598.6,"1,145.60", NA ,40.5,46.3,37.7, NA ,105,105.5,68.8,62.2, NA , NA ,37.4,41, NA , NA ,GG,NA,NA,Mayocoba,Colombia,CAN   79,Andean,Andean
YBC240,"2,085.00",936.8,"1,941.90",197.3,43.1,44.5,39,28.8,64,91.5,59.2,65.1,32.5,53.1,28.9,29.4,26.1,36.4,GG,NA,NA,Mayocoba,Colombia,CAN   83,Andean,Andean
YBC241,"2,256.70","1,449.10","1,866.20",184.9,43.7,48.1,39.3,29.1,71,82,82,56.8,46,42.6,30.6,26.7,24.5,26.2,NN,NA,NA,Mayocoba,Colombia,CAN   84,Andean,Andean
YBC242,"1,811.50","1,622.80","2,253.70",178.6,39.8,50,38.7,29.5,87,94.5,68.1,56.6,40.9,42.3,26.4,30.6,22.3,29.2,GG,NA,NA,Mayocoba,Colombia,CAN   85,Andean,Andean
YBC243,"2,553.70","1,714.80","1,363.20",327.5,42.3,43.5,37.8,29.6,60,55,94.9,57.6,34.9,49.8,33,33.2,26.3,29.3,TT,NA,NA,Canary,Colombia,CAN   87,Andean,Andean
YBC244,"1,345.30","1,185.20",779.8,84.8,39.5,45.8,37.2,33.1,44.5,35,62.4,78.3,42.3, NA ,33.4,36.7,29.6, NA ,TT,NA,NA,Canary,Colombia,CAN   91,Andean,Andean
YBC245,"1,964.60",693.3,"1,053.50",288.8,29.9,30.8,29.7,28.1,67.5,57.5,80.2,85.5,58,59.1,33.9,36.5,32,36.6,GG,NA,NA,Mayocoba,Colombia,CAN   96,Andean,Andean
YBC246,"1,825.40",854.3,"1,451.10",60.3,38.6,39.3,35.4,28.7,63,80.5,64.6,62.3,45.3,52.2,31.1,31.5,23.9,32.2,GG,NA,NA,Mayocoba,Colombia,CAN  101,Andean,Andean
YBC247,"2,351.60","1,641.30","1,508.30",165.1,37.8,46.6,35.4,28.9,45.5,42,90.5,81.1,52.1,47.6,31.4,33.9,26.2,29.4,GG,NA,NA,Mayocoba,Colombia,CAN  112,Andean,Andean
YBC248,"1,591.70","1,291.90","2,133.60",452.5,44,47,44.2,30.5,84.5,64,72.9,66.7,58.6,53.5,34,32,30.5,29.3,GG,NA,NA,Mayocoba,Colombia,CAN  120,Andean,Andean
YBC249,"1,847.00","1,566.80","1,491.90",299.1,39.7,38.2,35.8,29.7,66.5,84.5,64.2,61.9,44,55.2,31.3,30.3,27.8,32,GG,NA,NA,Mayocoba,Colombia,CAN  125,Andean,Andean
YBC250,"2,195.50","2,305.10","1,979.80",212.8,46.8,53.3,43.7,30,24.5,26,50.7,47.4,35.8,46.4,27.2,26.2,22.8,27.6,TT,NA,NA,Amarillo (dk),Uganda,NGWAKU NGWAKU,Andean,Andean
YBC251, NA , NA , NA , NA , NA , NA , NA , NA , NA , NA , NA , NA , NA , NA , NA , NA , NA , NA ,NA,NA,NA,NA,NA,NA,NA,NA
YBC252, NA , NA , NA , NA , NA , NA , NA , NA , NA , NA , NA , NA , NA , NA , NA , NA , NA , NA ,NA,NA,NA,NA,NA,NA,NA,NA
YBC253,"1,719.60","1,603.80", NA , NA ,38.2,36.5, NA , NA ,49,29.5,70.3,63.1, NA , NA ,30.1,26.2, NA , NA ,TT,NA,NA,Amarillo (dk),Uganda,ZKA93-10M/95,Admix,Admixture
YBC254,"1,953.40","1,870.10", NA , NA ,43.6,40.7, NA , NA ,26.5,31.5,70.7,66.6, NA , NA ,34.7,27.6, NA , NA ,TT,NA,NA,Canary,Uganda,NAROBEAN 3,Andean,Andean
YBC255, NA , NA , NA , NA , NA , NA , NA , NA , NA , NA , NA , NA , NA , NA , NA , NA , NA , NA ,NA,NA,NA,NA,NA,NA,NA,NA
YBC256,"2,372.70","1,427.70","1,404.00",476.1,39.4,44.8,36.2,30.3,20,27.5,71.1,62,53.7,46.1,27.1,27.5,23.2,26.3,TT,NA,NA,Amarillo (dk),Uganda,F10 block sel new belfa-63,Andean,Andean
YBC257,"1,977.50","1,584.40","1,493.50",724.1,42.6,43.7,42,30.9,48.5,50,58,56.7,39.8,48.8,27,26.2,21.6,26.7,TT,NA,NA,Canary,Uganda,UGK7,Andean,Andean
YBC258,"1,964.20","1,739.50", NA , NA ,36.7,37.6, NA , NA ,47.5,64.5,77.2,61.4, NA , NA ,27.8,27.2, NA , NA ,TT,NA,NA,Canary,Uganda,UGK14,Andean,Andean
YBC259,"1,684.30","1,112.30", NA , NA ,48,46, NA , NA ,53.5,54.5,65.1,61.3, NA , NA ,26.2,21.9, NA , NA ,TT,NA,NA,Canary,Uganda,UGK21,Andean,Andean
YBC260,"1,915.90","1,139.00", NA , NA ,41,36.8, NA , NA ,86.5,47,76.7,65.2, NA , NA ,27.7,29.3, NA , NA ,TT,NA,NA,Canary,Uganda,UGK29,Andean,Andean
YBC262,"2,676.80","1,534.40", NA , NA ,42.8,41.6, NA , NA ,47,38.5,57.8,56.7, NA , NA ,31.7,22.5, NA , NA ,TT,NA,NA,Canary,Uganda,UGK34,Andean,Andean
YBC263,"2,468.50","2,063.00","2,206.50",837.9,45.3,44.8,41.6,30.9,27.5,49.5,70.1,67.3,47.1,50.7,25.5,28.7,23.9,23.6,TT,NA,NA,Amarillo (dk),Uganda,UGK48,Andean,Andean
YBC264,"1,836.60","1,486.80","1,839.30",522.4,43.6,44.9,39.9,30.9,66.5,74,55.4,55.1,45.2,46.2,25.7,24,23.5,24,NA,NA,NA,NA,NA,NA,NA,NA
YBC265,"1,605.30","1,357.50","1,413.10",272.8,40.1,40.7,33.4,29.2,46.5,50,66,56.1,59.3,52.7,26.1,24.5,20.6,24.3,TT,NA,NA,Canary,Uganda,UGK 138,Andean,Andean
YBC266,"1,816.20","1,423.40", NA , NA ,41.8,42.3, NA , NA ,46,37,72.4,69.8, NA , NA ,30.5,30.9, NA , NA ,TT,NA,NA,Mayocoba,Uganda,ACC7,Andean,Andean
YBC267,"2,845.90","1,487.10","3,003.20","1,403.30",30.2,31.9,30.4,28.7,22,16.5,64.9,66.4,57.2,57.2,30.3,29.3,26,28.2,NA,NA,NA,NA,NA,NA,NA,NA
YBC268,"2,688.30","1,446.20","2,172.70",917.3,33.7,42.9,33.7,28.6,20,25.5,77.8,57.4,50,57.2,29.7,27.4,25.3,27.5,TT,NA,NA,Amarillo (dk),Uganda,KG 103-19,Andean,Andean
YBC269, NA , NA , NA , NA , NA , NA , NA , NA , NA , NA , NA , NA , NA , NA , NA , NA , NA , NA ,NA,NA,NA,NA,NA,NA,NA,NA
YBC270, NA , NA , NA , NA , NA , NA , NA , NA , NA , NA , NA , NA , NA , NA , NA , NA , NA , NA ,NA,NA,NA,NA,NA,NA,NA,NA
YBC271, NA , NA , NA , NA , NA , NA , NA , NA , NA , NA , NA , NA , NA , NA , NA , NA , NA , NA ,NA,NA,NA,NA,NA,NA,NA,NA
YBC272, NA , NA , NA , NA , NA , NA , NA , NA , NA , NA , NA , NA , NA , NA , NA , NA , NA , NA ,NA,NA,NA,NA,NA,NA,NA,NA
YBC273,"1,648.40", NA ,"2,100.00",597.1,32.6, NA ,31.3,30,21.5,41,58.9, NA ,61.6,55.2,28.4, NA ,26.1,26.2,TT,NA,NA,Amarillo (dk),Uganda,MNC 524,Jalisco&Durango,Middle American
YBC274,"1,199.70",884.2,"2,352.50",683.5,31.3,30.9,29.2,28.3,39.5,45,71, NA ,60.9,62.7,29.8, NA ,28.2,31.1,TT,NA,NA,Amarillo (dk),Uganda,NUC 391,Admix,Admixture
YBC275,"1,914.80","1,369.30", NA , NA ,38.6,33.4, NA , NA ,18.5,24,73.5, NA , NA , NA ,33.8, NA , NA , NA ,TT,NA,NA,Amarillo (dk),Uganda,NUC 392,Admix,Admixture
YBC276, NA , NA , NA , NA , NA , NA , NA , NA , NA , NA , NA , NA , NA , NA , NA , NA , NA , NA ,NA,NA,NA,NA,NA,NA,NA,NA
YBC277,"1,615.40", NA ,"1,026.30",51.6,46.2, NA ,37.4,29.5,76.5,72.5,77, NA ,47.1, NA ,27.9, NA ,24.9, NA ,NA,NA,NA,NA,NA,NA,NA,NA
YBC278,"2,455.40","2,711.90","3,087.60","1,570.70",27.7,26.6,27.1,28.8,24,22,92.2, NA ,46.8,57.8,35, NA ,25,29.3,TT,NA,NA,Amarillo (dk),Uganda,SMC28,Mesoamerica,Middle American
YBC279,"2,128.60","2,643.80","3,602.90","1,446.80",26.2,27.8,24.8,27.8,36.5,36,117.7, NA ,58.1,59.5,35.2, NA ,28.2,29.2,TT,NA,NA,Amarillo (dk),Uganda,SMC29,Mesoamerica,Middle American
YBC280,"2,638.40","3,011.60","2,425.70","1,451.00",29.6,31,28.2,29.1,23.5,23,76.7, NA ,57.9,67,35.4, NA ,33.9,34.5,TT,NA,NA,Amarillo (dk),Uganda,SMC160,Mesoamerica,Middle American
YBC281,"2,526.00","2,938.80","1,826.60",699.7,28.7,28.5,28,29.5,58,48,56.7, NA ,27.7,49.1,29.2, NA ,28.8,28.2,TT,NA,NA,Amarillo (dk),Uganda,SSIN 533,Mesoamerica,Middle American
YBC282,"2,975.40","2,204.50", NA , NA ,29.4,23.1, NA , NA ,24,49,62.4, NA , NA , NA ,31.3, NA , NA , NA ,TT,NA,NA,Amarillo (lt),Haiti,F0824,Mesoamerica,Middle American
YBC283,"2,413.20","1,991.20", NA , NA ,27.4,21.5, NA , NA ,87,73,77.6, NA , NA , NA ,33.4, NA , NA , NA ,TT,NA,NA,Amarillo (lt),Haiti,F0829,Mesoamerica,Middle American
YBC284,"2,202.50","1,670.50", NA , NA ,27.4,21.4, NA , NA ,66.5,45.5,79.1, NA , NA , NA ,31.9, NA , NA , NA ,TT,NA,NA,Amarillo (lt),Haiti,F0834,Mesoamerica,Middle American
YBC285,"2,357.50","2,086.80", NA , NA ,30.9,26.6, NA , NA ,20.5,28.5,69.2, NA , NA , NA ,29.4, NA , NA , NA ,TT,NA,NA,Amarillo (lt),Haiti,T1054,Mesoamerica,Middle American
YBC286,"2,418.60","2,389.80", NA , NA ,29.9,24.9, NA , NA ,22,29,68.2, NA , NA , NA ,28.4, NA , NA , NA ,TT,NA,NA,Amarillo (lt),Haiti,F1353,Mesoamerica,Middle American
YBC287,"2,052.70","2,314.50", NA , NA ,27.4,25.2, NA , NA ,22.5,17.5,72.8, NA , NA , NA ,28.6, NA , NA , NA ,TT,NA,NA,Amarillo (lt),Haiti,F1377,Mesoamerica,Middle American
YBC288,"2,434.70","2,527.60", NA , NA ,28.3,24.1, NA , NA ,26,30.5,72.5, NA , NA , NA ,31.7, NA , NA , NA ,TT,NA,NA,Amarillo (lt),Haiti,F1397,Mesoamerica,Middle American
YBC289,"2,070.80","2,620.30", NA , NA ,29.3,23.5, NA , NA ,14.5,32.5,67.9, NA , NA , NA ,29, NA , NA , NA ,TT,NA,NA,Amarillo (lt),Haiti,F1453,Mesoamerica,Middle American
YBC290,"2,602.90", NA , NA , NA ,29.3, NA , NA , NA ,20.5,29,67.2, NA , NA , NA ,25.1, NA , NA , NA ,TT,NA,NA,Amarillo (lt),Haiti,F1458,Mesoamerica,Middle American
YBC291,"2,230.20","2,454.60", NA , NA ,27.2,23.8, NA , NA ,26.5,26,65.1, NA , NA , NA ,31.3, NA , NA , NA ,TT,NA,NA,Amarillo (lt),Haiti,F1659,Mesoamerica,Middle American
YBC292,"2,384.60","2,456.40", NA , NA ,28.9,23.7, NA , NA ,22.5,23,66, NA , NA , NA ,33.6, NA , NA , NA ,TT,NA,NA,Amarillo (lt),Haiti,F1663,Mesoamerica,Middle American
YBC293,"2,474.40","2,107.50", NA , NA ,29.7,25.9, NA , NA ,20.5,24.5,86.8, NA , NA , NA ,32.6, NA , NA , NA ,TT,NA,NA,Amarillo (lt),Haiti,F1752,Mesoamerica,Middle American
YBC294,"2,376.10","1,997.10", NA , NA ,27.2,21.5, NA , NA ,24,22,59, NA , NA , NA ,28.1, NA , NA , NA ,TT,NA,NA,Amarillo (lt),Haiti,F1765,Mesoamerica,Middle American
YBC295,"2,598.00","2,170.00", NA , NA ,28.8,23.3, NA , NA ,30.5,25,66.8, NA , NA , NA ,31.5, NA , NA , NA ,TT,NA,NA,Amarillo (dk),Haiti,F7157,Mesoamerica,Middle American
YBC296,"1,633.40","2,359.90", NA , NA ,32,28.5, NA , NA ,24.5,22,71.8, NA , NA , NA ,34.5, NA , NA , NA ,TT,NA,NA,Amarillo (lt),Haiti,F7462,Mesoamerica,Middle American
YBC297,"2,052.40","2,334.70", NA , NA ,27,23, NA , NA ,53.5,82.5,73.8, NA , NA , NA ,35.5, NA , NA , NA ,TT,NA,NA,Amarillo (lt),Haiti,F7500,Mesoamerica,Middle American
YBC299,"2,813.20","2,564.90", NA , NA ,27.7,22.7, NA , NA ,27,18.5,70.4, NA , NA , NA ,33, NA , NA , NA ,TT,NA,NA,Amarillo (lt),Haiti,M0173,Mesoamerica,Middle American
YBC300,"2,297.80","2,415.70", NA , NA ,29.8,29.1, NA , NA ,16.5,19,72.6, NA , NA , NA ,35, NA , NA , NA ,TT,NA,NA,Amarillo (lt),Haiti,M0180,Mesoamerica,Middle American
YBC301,"3,201.00","2,548.10", NA , NA ,29.1,24.1, NA , NA ,93.5,66,69.5, NA , NA , NA ,29, NA , NA , NA ,TT,19,NA,Amarillo (lt),Haiti,M0181,Mesoamerica,Middle American
YBC302,"1,970.00","1,878.80", NA , NA ,29.4,27, NA , NA ,20,25,68.8, NA , NA , NA ,29.3, NA , NA , NA ,TT,NA,NA,Amarillo (lt),Haiti,M0186,Mesoamerica,Middle American
YBC303,"1,839.30","1,787.00", NA , NA ,28.4,24.7, NA , NA ,18.5,18.5,77.5, NA , NA , NA ,33.3, NA , NA , NA ,TT,NA,NA,Amarillo (lt),Haiti,M0241,Mesoamerica,Middle American
YBC304,"2,443.60","1,757.70", NA , NA ,34.7,29.4, NA , NA ,37.5,13.5,52.6, NA , NA , NA ,29.5, NA , NA , NA ,TT,NA,NA,Canary,Haiti,M6953,Mesoamerica,Middle American
YBC305,"3,187.90","3,065.00", NA , NA ,28.9,24.4, NA , NA ,15,14.5,66.4, NA , NA , NA ,28.4, NA , NA , NA ,TT,NA,NA,Amarillo (lt),Haiti,M6957,Mesoamerica,Middle American
YBC306,"1,999.80","1,845.80", NA , NA ,27.3,24.3, NA , NA ,44.5,51.5,57.7, NA , NA , NA ,30.6, NA , NA , NA ,TT,NA,NA,Amarillo (lt),Haiti,M6960,Mesoamerica,Middle American
YBC307,"1,170.80","2,076.90", NA , NA ,28.3,25, NA , NA ,37.5,20.5,69.2, NA , NA , NA ,29.9, NA , NA , NA ,TT,NA,NA,Amarillo (lt),Haiti,M6964,Mesoamerica,Middle American
YBC308,"2,236.20","1,549.10", NA , NA ,28.8,24.3, NA , NA ,25.5,21,56.2, NA , NA , NA ,30.9, NA , NA , NA ,TT,NA,NA,Amarillo (lt),Haiti,M6967,Mesoamerica,Middle American